Source,Target,Weight
0,49,0.02
0,84,0.01
0,221,0.05
0,109,0.01
0,130,0.01
0,144,0.02
0,150,0.12
0,152,0.01
1,220,0.14
1,2,0.17
1,3,0.24
1,222,0.14
1,41,0.08
1,4,0.29
1,31,0.13
1,11,0.08
1,12,0.22
1,15,0.27
1,16,0.21
1,69,0.09
1,17,0.2
1,34,0.14
1,30,0.18
1,20,0.19
1,48,0.01
1,223,0.25
1,27,0.3
1,28,0.06
1,90,0.13
1,224,0.17
1,93,0.04
1,32,0.04
1,33,0.24
1,35,0.28
1,225,0.06
1,226,0.28
1,127,0.25
1,63,0.21
1,40,0.09
1,42,0.27
1,227,0.06
1,46,0.18
1,47,0.31
1,49,0.09
1,100,0.01
1,51,0.13
1,52,0.17
1,230,0.26
1,53,0.1
1,54,0.04
1,231,0.1
1,56,0.15
1,57,0.21
1,58,0.06
1,65,0.13
1,66,0.19
1,166,0.08
1,70,0.16
1,71,0.12
1,92,0.27
1,76,0.21
1,77,0.14
1,78,0.02
1,211,0.12
1,232,0.21
1,80,0.14
1,81,0.24
1,82,0.31
1,233,0.14
1,83,0.09
1,237,0.47
1,239,0.14
1,174,0.12
1,240,0.09
1,91,0.14
1,113,0.04
1,97,0.14
1,98,0.01
1,101,0.14
1,102,0.07
1,104,0.18
1,146,0.26
1,128,0.02
1,151,0.03
1,154,0.14
1,167,0.02
1,242,0.14
1,169,0.31
1,244,0.06
1,176,0.26
1,183,0.06
1,245,0.14
1,247,0.14
1,248,0.47
1,200,0.14
1,205,0.01
1,249,0.14
1,209,0.01
1,210,0.01
1,212,0.01
1,217,0.05
1,218,0.05
1,253,0.24
1,255,0.06
1,256,0.14
2,220,0.03
2,1,0.1
2,3,0.03
2,222,0.23
2,41,0.25
2,9,0.27
2,68,0.05
2,164,0.03
2,13,0.15
2,6,0.06
2,4,0.11
2,44,0.06
2,15,0.12
2,16,0.1
2,257,0.04
2,69,0.02
2,24,0.04
2,27,0.12
2,90,0.04
2,32,0.05
2,225,0.15
2,50,0.46
2,258,0.47
2,36,0.1
2,37,0.17
2,39,0.23
2,42,0.06
2,43,0.13
2,49,0.12
2,100,0.1
2,53,0.01
2,231,0.07
2,56,0.01
2,57,0.08
2,58,0.01
2,59,0.4
2,60,0.23
2,61,0.04
2,259,0.3
2,260,0.23
2,64,0.3
2,166,0.07
2,92,0.03
2,261,0.32
2,262,0.23
2,187,0.25
2,74,0.01
2,159,0.15
2,76,0.1
2,77,0.23
2,263,0.47
2,80,0.23
2,264,0.45
2,265,0.23
2,156,0.09
2,83,0.04
2,266,0.4
2,234,0.13
2,235,0.18
2,236,0.11
2,85,0.4
2,238,0.01
2,239,0.23
2,86,0.4
2,174,0.02
2,254,0.23
2,88,0.4
2,89,0.3
2,240,0.06
2,91,0.23
2,267,0.4
2,94,0.08
2,96,0.26
2,97,0.23
2,103,0.17
2,123,0.04
2,125,0.01
2,146,0.08
2,177,0.18
2,133,0.03
2,134,0.13
2,269,0.4
2,147,0.02
2,135,0.23
2,136,0.4
2,138,0.4
2,141,0.4
2,142,0.13
2,143,0.01
2,145,0.09
2,149,0.25
2,154,0.23
2,155,0.3
2,157,0.4
2,160,0.4
2,161,0.15
2,162,0.15
2,165,0.4
2,242,0.23
2,168,0.4
2,173,0.4
2,270,0.9
2,271,0.4
2,178,0.4
2,181,0.1
2,182,0.1
2,184,0.4
2,272,0.4
2,273,0.4
2,245,0.23
2,185,0.4
2,186,0.02
2,248,0.23
2,188,0.23
2,189,0.4
2,274,0.4
2,190,0.23
2,196,0.05
2,197,0.23
2,250,0.17
2,249,0.06
2,206,0.09
2,276,0.15
2,207,0.12
2,208,0.12
2,209,0.03
2,210,0.03
2,212,0.03
2,213,0.06
2,214,0.3
2,252,0.12
2,219,0.4
2,255,0.15
2,256,0.23
3,220,0.01
3,1,0.01
3,11,0.01
3,18,0.01
3,93,0.01
3,63,0.04
3,51,0.01
3,53,0.07
4,1,0.01
4,32,0.01
4,50,0.01
4,243,0.01
5,0,0.04
5,8,0.02
5,164,0.11
5,45,0.13
5,19,0.04
5,7,0.27
5,55,0.11
5,13,0.12
5,99,0.23
5,67,0.15
5,26,0.18
5,25,0.1
5,6,0.22
5,73,0.1
5,44,0.03
5,10,0.24
5,12,0.02
5,257,0.07
5,17,0.01
5,18,0.07
5,21,0.1
5,223,0.07
5,23,0.06
5,258,0.03
5,227,0.21
5,49,0.01
5,56,0.02
5,84,0.04
5,65,0.05
5,66,0.01
5,70,0.25
5,71,0.04
5,72,0.04
5,292,0.21
5,221,0.07
5,264,0.07
5,81,0.24
5,87,0.08
5,104,0.08
5,105,0.04
5,106,0.07
5,107,0.03
5,108,0.13
5,109,0.06
5,110,0.13
5,111,0.1
5,112,0.08
5,114,0.15
5,115,0.21
5,116,0.09
5,117,0.06
5,118,0.14
5,119,0.16
5,120,0.18
5,121,0.2
5,122,0.11
5,124,0.15
5,126,0.11
5,128,0.06
5,129,0.14
5,130,0.03
5,151,0.06
5,131,0.01
5,132,0.01
5,291,0.96
5,144,0.03
5,150,0.02
5,152,0.07
5,153,0.14
5,244,0.21
5,175,0.03
5,290,0.1
5,191,0.05
5,193,0.16
5,199,0.02
5,201,0.07
5,202,0.07
5,203,0.07
5,204,0.04
6,9,0.01
6,19,0.01
6,7,0.02
6,5,0.02
6,55,0.01
6,26,0.02
6,73,0.01
6,44,0.02
6,10,0.14
6,78,0.04
6,91,0.16
6,108,0.02
6,129,0.09
6,152,0.01
7,9,0.01
7,45,0.02
7,19,0.02
7,5,0.02
7,55,0.03
7,13,0.01
7,99,0.07
7,67,0.04
7,25,0.01
7,6,0.02
7,73,0.01
7,10,0.14
7,257,0.03
7,50,0.01
7,187,0.05
7,290,0.14
8,222,0.29
8,241,0.34
8,164,0.02
8,45,0.03
8,19,0.01
8,5,0.03
8,55,0.03
8,13,0.02
8,99,0.03
8,67,0.02
8,26,0.04
8,25,0.01
8,73,0.05
8,10,0.09
8,11,0.05
8,14,0.05
8,17,0.02
8,18,0.06
8,30,0.02
8,20,0.02
8,21,0.04
8,179,0.29
8,23,0.04
8,28,0.09
8,224,0.04
8,63,0.06
8,243,0.53
8,40,0.07
8,227,0.2
8,51,0.02
8,53,0.03
8,56,0.01
8,139,0.05
8,84,0.01
8,65,0.02
8,66,0.01
8,71,0.04
8,92,0.02
8,72,0.07
8,159,0.2
8,78,0.02
8,221,0.06
8,156,0.06
8,83,0.09
8,240,0.01
8,278,0.92
8,103,0.01
8,102,0.04
8,104,0.08
8,105,0.01
8,106,0.06
8,107,0.01
8,108,0.08
8,109,0.03
8,110,0.06
8,111,0.09
8,112,0.08
8,114,0.07
8,115,0.2
8,116,0.02
8,117,0.01
8,118,0.04
8,119,0.05
8,120,0.06
8,121,0.07
8,122,0.05
8,124,0.08
8,126,0.11
8,128,0.06
8,129,0.13
8,130,0.02
8,151,0.07
8,131,0.05
8,132,0.05
8,147,0.08
8,279,0.2
8,144,0.03
8,280,0.95
8,152,0.06
8,153,0.13
8,155,0.05
8,244,0.2
8,175,0.08
8,271,0.45
8,281,0.45
8,247,0.29
8,191,0.04
8,193,0.15
8,275,0.22
8,198,0.18
8,199,0.14
8,201,0.06
8,202,0.06
8,205,0.05
8,203,0.06
8,204,0.04
8,282,0.2
8,251,0.22
8,217,0.06
8,218,0.06
9,2,0.01
9,41,0.04
9,6,0.01
9,10,0.14
9,79,0.01
9,187,0.2
9,188,0.22
10,9,0.01
10,7,0.01
10,6,0.01
11,220,0.01
11,1,0.01
11,3,0.03
11,8,0.03
11,45,0.01
11,55,0.05
11,13,0.02
11,67,0.03
11,25,0.02
11,6,0.03
11,73,0.04
11,12,0.07
11,14,0.09
11,257,0.03
11,17,0.09
11,18,0.06
11,20,0.07
11,21,0.02
11,28,0.01
11,258,0.12
11,63,0.13
11,53,0.05
11,56,0.02
11,57,0.02
11,58,0.02
11,65,0.02
11,66,0.07
11,71,0.04
11,72,0.05
11,74,0.08
11,75,0.06
11,87,0.09
11,102,0.01
11,151,0.03
11,131,0.07
11,132,0.07
11,167,0.03
11,175,0.02
11,251,0.06
11,217,0.01
11,218,0.01
12,1,0.01
12,25,0.01
12,11,0.01
12,18,0.01
12,93,0.01
12,152,0.02
13,2,0.01
13,164,0.05
13,19,0.01
13,7,0.02
13,5,0.03
13,99,0.01
13,26,0.01
13,6,0.01
13,29,0.01
13,44,0.02
13,11,0.01
13,14,0.01
13,257,0.08
13,21,0.01
13,227,0.24
13,231,0.05
13,239,0.32
13,105,0.01
13,108,0.02
13,109,0.01
13,111,0.04
13,115,0.24
13,117,0.01
13,122,0.04
13,124,0.05
13,131,0.07
13,132,0.07
14,8,0.01
14,45,0.01
14,55,0.03
14,13,0.01
14,25,0.03
14,73,0.04
14,11,0.03
14,12,0.01
14,20,0.03
14,53,0.03
14,57,0.01
14,72,0.05
14,131,0.04
14,132,0.04
15,1,0.03
15,2,0.02
15,16,0.18
15,69,0.06
15,28,0.01
15,90,0.05
15,224,0.07
15,258,0.13
15,63,0.01
15,229,0.01
15,158,0.05
15,53,0.02
15,240,0.04
15,143,0.02
15,250,0.07
16,15,0.02
17,11,0.01
17,63,0.02
17,71,0.02
17,151,0.04
18,8,0.01
18,5,0.01
18,26,0.02
18,11,0.01
18,12,0.01
18,17,0.01
18,20,0.01
18,56,0.01
18,139,0.09
18,66,0.01
18,78,0.02
18,108,0.01
18,110,0.02
18,114,0.03
18,175,0.01
18,191,0.04
18,201,0.1
18,202,0.1
18,203,0.07
18,204,0.05
19,8,0.01
19,41,0.01
19,241,0.07
19,68,0.03
19,45,0.07
19,7,0.17
19,5,0.04
19,55,0.07
19,13,0.02
19,99,0.06
19,67,0.1
19,25,0.06
19,6,0.08
19,73,0.05
19,31,0.08
19,257,0.02
19,69,0.01
19,21,0.09
19,48,0.03
19,179,0.32
19,23,0.01
19,24,0.11
19,28,0.07
19,93,0.02
19,37,0.01
19,46,0.04
19,229,0.14
19,158,0.06
19,246,0.05
19,51,0.05
19,54,0.01
19,231,0.08
19,148,0.39
19,58,0.04
19,166,0.14
19,187,0.01
19,74,0.19
19,75,0.05
19,78,0.1
19,211,0.01
19,221,0.07
19,156,0.02
19,234,0.08
19,235,0.11
19,236,0.11
19,87,0.02
19,240,0.1
19,113,0.05
19,94,0.01
19,102,0.08
19,105,0.02
19,107,0.02
19,108,0.04
19,109,0.01
19,116,0.03
19,117,0.02
19,118,0.05
19,120,0.07
19,121,0.04
19,131,0.06
19,132,0.06
19,135,0.3
19,192,0.13
19,142,0.04
19,153,0.05
19,161,0.21
19,162,0.21
19,167,0.07
19,170,0.16
19,171,0.16
19,172,0.16
19,176,0.05
19,183,0.09
19,186,0.09
19,290,0.11
19,274,0.46
19,275,0.16
19,195,0.16
19,196,0.04
19,199,0.03
19,204,0.02
19,289,0.21
19,206,0.06
19,207,0.19
19,208,0.19
19,209,0.1
19,210,0.1
19,212,0.1
19,213,0.13
19,214,0.16
19,251,0.14
19,217,0.1
19,218,0.1
19,253,0.11
20,1,0.01
20,11,0.01
20,14,0.02
20,18,0.01
20,22,0.03
20,63,0.01
20,38,0.04
20,53,0.03
20,92,0.06
20,95,0.08
21,8,0.01
21,45,0.01
21,19,0.02
21,5,0.02
21,55,0.01
21,13,0.01
21,67,0.05
21,25,0.01
21,73,0.02
21,11,0.01
21,257,0.05
21,23,0.01
21,56,0.01
21,71,0.01
21,72,0.01
21,240,0.02
21,105,0.02
21,107,0.01
21,108,0.03
21,109,0.01
21,116,0.06
21,117,0.01
21,118,0.08
21,123,0.01
21,131,0.04
21,132,0.04
21,153,0.08
21,175,0.02
22,90,0.01
22,38,0.09
22,95,0.17
22,152,0.02
22,191,0.04
23,0,0.09
23,8,0.01
23,45,0.02
23,5,0.03
23,13,0.01
23,99,0.03
23,26,0.04
23,73,0.03
23,17,0.01
23,21,0.02
23,24,0.55
23,79,0.01
23,56,0.01
23,84,0.08
23,65,0.02
23,66,0.01
23,72,0.02
23,236,0.13
23,87,0.04
23,94,0.03
23,103,0.04
23,104,0.11
23,105,0.14
23,106,0.09
23,107,0.12
23,108,0.08
23,109,0.11
23,110,0.07
23,111,0.12
23,112,0.11
23,114,0.06
23,116,0.12
23,117,0.12
23,118,0.07
23,268,0.13
23,119,0.08
23,120,0.09
23,121,0.1
23,122,0.08
23,123,0.13
23,124,0.04
23,125,0.14
23,126,0.06
23,128,0.14
23,129,0.07
23,130,0.1
23,151,0.06
23,131,0.03
23,132,0.03
23,133,0.12
23,134,0.14
23,143,0.09
23,144,0.11
23,150,0.11
23,152,0.03
23,175,0.04
23,191,0.03
23,198,0.21
23,199,0.17
23,203,0.16
23,204,0.18
23,250,0.16
23,282,0.23
25,164,0.05
25,19,0.02
25,7,0.04
25,5,0.02
25,99,0.01
25,26,0.01
25,31,0.04
25,11,0.01
25,12,0.01
25,14,0.04
25,20,0.01
25,21,0.01
25,231,0.23
25,56,0.01
25,71,0.02
25,72,0.01
25,240,0.02
25,94,0.04
25,110,0.02
25,128,0.04
25,129,0.08
25,152,0.01
25,175,0.03
26,8,0.01
26,164,0.01
26,45,0.01
26,7,0.01
26,5,0.03
26,55,0.01
26,13,0.01
26,99,0.07
26,67,0.01
26,6,0.04
26,73,0.02
26,18,0.01
26,23,0.01
26,230,0.04
26,84,0.01
26,72,0.06
26,105,0.02
26,106,0.11
26,108,0.01
26,109,0.01
26,110,0.05
26,111,0.08
26,114,0.07
26,117,0.01
26,119,0.09
26,122,0.04
26,124,0.06
26,125,0.02
26,128,0.05
26,129,0.08
26,130,0.02
26,151,0.05
26,143,0.03
26,152,0.02
26,153,0.08
26,191,0.04
27,220,0.02
27,1,0.04
27,2,0.03
27,31,0.03
27,93,0.02
27,166,0.05
27,83,0.12
27,240,0.03
28,8,0.01
28,19,0.01
28,90,0.01
28,224,0.09
28,51,0.02
28,54,0.09
28,58,0.02
28,74,0.11
28,75,0.04
28,78,0.02
28,156,0.02
28,102,0.04
28,167,0.05
28,251,0.09
28,217,0.03
28,218,0.03
29,13,0.01
29,284,0.92
29,179,0.01
29,223,0.44
29,226,0.26
29,127,0.16
29,79,0.14
29,36,0.19
29,37,0.04
29,243,0.01
29,277,0.03
29,52,0.12
29,60,0.33
29,293,0.24
29,70,0.03
29,76,0.19
29,78,0.02
29,211,0.02
29,232,0.04
29,294,0.24
29,295,0.24
29,156,0.02
29,234,0.11
29,296,0.99
29,89,0.09
29,107,0.01
29,110,0.02
29,116,0.06
29,117,0.01
29,268,0.14
29,145,0.03
29,297,0.49
29,215,0.24
29,216,0.24
29,252,0.11
29,253,0.14
30,1,0.01
30,67,0.02
30,69,0.04
30,34,0.01
30,93,0.01
30,33,0.02
30,46,0.02
30,230,0.45
30,221,0.05
30,113,0.08
30,186,0.12
30,290,0.14
30,205,0.29
31,1,0.01
31,41,0.04
31,19,0.02
31,25,0.04
31,44,0.02
31,27,0.01
31,93,0.01
31,32,0.04
31,54,0.17
31,231,0.11
31,148,0.44
31,113,0.04
31,98,0.19
31,149,0.05
31,186,0.12
32,4,0.01
32,31,0.01
32,40,0.04
32,229,0.06
32,228,0.23
32,283,0.2
32,246,0.09
32,51,0.02
32,52,0.03
32,148,0.04
32,146,0.02
33,220,0.02
33,1,0.01
33,69,0.02
33,30,0.03
33,46,0.04
33,229,0.01
33,246,0.04
33,221,0.05
33,174,0.12
33,290,0.13
34,220,0.01
34,1,0.01
34,41,0.01
34,164,0.07
34,4,0.01
34,30,0.01
34,28,0.01
34,90,0.11
34,224,0.17
34,32,0.01
34,35,0.19
34,38,0.01
34,40,0.2
34,43,0.2
34,46,0.01
34,52,0.05
34,61,0.27
34,62,0.32
34,83,0.13
34,96,0.08
34,103,0.04
34,146,0.03
34,147,0.36
34,137,0.65
34,145,0.22
34,149,0.05
34,163,0.32
34,247,0.32
34,205,0.09
35,220,0.01
35,0,0.02
35,1,0.01
35,4,0.01
35,34,0.11
35,32,0.01
35,146,0.03
35,150,0.06
36,29,0.01
36,79,0.02
36,37,0.09
37,79,0.02
37,36,0.2
37,108,0.01
37,192,0.17
38,44,0.02
38,20,0.01
38,22,0.15
38,39,0.33
38,263,0.14
38,95,0.25
39,38,0.04
40,34,0.02
40,90,0.05
40,32,0.02
40,52,0.03
41,1,0.01
41,2,0.03
41,9,0.29
41,31,0.06
41,34,0.01
41,48,0.05
41,93,0.03
41,32,0.01
41,52,0.05
41,148,0.01
41,259,0.39
41,260,0.32
41,261,0.42
41,262,0.32
41,211,0.01
41,221,0.04
41,264,0.1
41,265,0.32
41,234,0.22
41,235,0.27
41,236,0.13
41,254,0.15
41,89,0.09
41,103,0.1
41,268,0.06
41,145,0.03
41,167,0.04
41,272,0.49
41,273,0.49
41,188,0.21
41,203,0.02
41,204,0.04
41,252,0.21
41,256,0.32
42,1,0.01
42,40,0.02
42,81,0.14
42,108,0.01
42,152,0.01
43,34,0.01
43,145,0.04
44,45,0.01
44,6,0.01
44,48,0.07
44,38,0.02
44,148,0.02
45,8,0.01
45,19,0.02
45,7,0.05
45,5,0.04
45,99,0.01
45,67,0.02
45,26,0.01
45,73,0.01
45,44,0.08
45,14,0.02
45,257,0.1
45,18,0.01
45,21,0.02
45,23,0.01
45,38,0.01
45,100,0.09
45,51,0.01
45,187,0.04
45,78,0.04
45,102,0.01
45,108,0.05
45,109,0.02
45,116,0.06
45,117,0.02
45,118,0.08
45,120,0.1
45,121,0.03
45,126,0.07
45,131,0.04
45,132,0.04
45,143,0.03
45,152,0.02
45,153,0.08
45,290,0.13
45,199,0.05
45,203,0.02
45,204,0.02
45,217,0.02
45,218,0.02
46,98,0.2
48,44,0.02
48,75,0.04
48,177,0.04
48,183,0.12
49,0,0.03
49,221,0.05
49,152,0.01
49,200,0.33
50,2,0.01
50,164,0.01
50,7,0.01
50,99,0.01
50,4,0.01
51,28,0.01
51,32,0.01
51,52,0.09
51,58,0.01
51,78,0.02
51,102,0.02
51,217,0.03
51,218,0.03
52,29,0.02
52,90,0.01
52,32,0.01
52,40,0.02
52,51,0.06
52,70,0.03
53,3,0.01
53,63,0.01
53,229,0.01
54,31,0.01
54,28,0.02
54,78,0.02
55,19,0.01
55,7,0.05
55,5,0.02
55,67,0.02
55,26,0.01
55,6,0.02
55,73,0.01
55,44,0.02
55,11,0.01
55,14,0.02
55,257,0.02
55,53,0.03
55,57,0.02
55,108,0.01
55,110,0.02
55,114,0.03
55,117,0.01
55,119,0.09
55,121,0.07
55,131,0.02
55,132,0.02
55,152,0.01
56,175,0.02
57,55,0.01
57,166,0.07
57,175,0.01
58,28,0.02
58,93,0.02
58,243,0.01
58,51,0.02
58,78,0.02
58,156,0.02
58,87,0.11
58,102,0.03
58,142,0.07
58,167,0.05
58,251,0.09
58,217,0.03
58,218,0.03
60,29,0.01
61,62,0.33
62,61,0.14
63,3,0.01
63,11,0.01
63,17,0.02
63,258,0.07
63,53,0.04
63,66,0.01
63,71,0.01
64,156,0.03
65,67,0.02
65,84,0.01
65,66,0.01
65,72,0.02
65,109,0.01
65,128,0.05
65,130,0.03
65,151,0.02
65,144,0.05
66,11,0.01
66,63,0.01
66,65,0.01
66,104,0.12
66,130,0.01
66,144,0.01
67,45,0.01
67,19,0.01
67,7,0.03
67,5,0.01
67,55,0.01
67,257,0.03
67,30,0.01
67,21,0.02
67,65,0.01
67,72,0.02
67,187,0.05
67,121,0.04
67,151,0.02
67,152,0.01
68,0,0.04
68,2,0.01
68,241,0.09
68,164,0.2
68,19,0.02
68,284,0.04
68,44,0.03
68,257,0.27
68,69,0.03
68,30,0.01
68,48,0.12
68,179,0.04
68,22,0.02
68,93,0.34
68,32,0.03
68,50,0.05
68,37,0.07
68,243,0.03
68,46,0.01
68,229,0.23
68,158,0.28
68,228,0.19
68,283,0.24
68,246,0.48
68,58,0.02
68,166,0.12
68,70,0.01
68,71,0.01
68,92,0.05
68,75,0.24
68,263,0.27
68,221,0.04
68,233,0.32
68,236,0.05
68,238,0.54
68,174,0.04
68,254,0.15
68,87,0.16
68,240,0.15
68,113,0.03
68,94,0.07
68,103,0.04
68,177,0.34
68,279,0.73
68,285,0.98
68,286,0.48
68,192,0.15
68,143,0.02
68,242,0.32
68,191,0.03
68,194,0.01
68,275,0.14
68,287,0.65
68,201,0.09
68,202,0.09
68,250,0.16
68,288,0.48
68,289,0.23
68,249,0.15
68,206,0.03
68,276,0.23
68,213,0.15
68,255,0.23
69,1,0.01
69,2,0.01
69,241,0.28
69,68,0.03
69,164,0.01
69,19,0.01
69,15,0.09
69,16,0.01
69,30,0.16
69,179,0.07
69,298,0.98
69,33,0.05
69,225,0.23
69,79,0.08
69,46,0.03
69,229,0.2
69,158,0.14
69,246,0.02
69,299,0.98
69,277,0.9
69,54,0.02
69,300,0.98
69,70,0.14
69,92,0.04
69,72,0.02
69,292,0.48
69,211,0.07
69,232,0.13
69,221,0.03
69,238,0.09
69,174,0.16
69,113,0.02
69,278,0.01
69,103,0.03
69,151,0.02
69,180,0.48
69,143,0.01
69,167,0.03
69,183,0.1
69,245,0.31
69,290,0.12
69,194,0.01
69,275,0.28
69,195,0.18
69,196,0.05
69,205,0.08
69,203,0.01
69,204,0.03
69,250,0.07
69,282,0.23
69,289,0.23
69,249,0.14
69,207,0.09
69,208,0.09
70,52,0.03
71,25,0.01
71,17,0.02
71,63,0.01
71,240,0.03
71,126,0.07
71,151,0.02
71,175,0.01
72,67,0.01
72,26,0.01
72,14,0.01
72,65,0.01
72,151,0.06
72,175,0.01
73,8,0.01
73,45,0.01
73,19,0.01
73,7,0.01
73,5,0.02
73,55,0.01
73,99,0.01
73,26,0.03
73,6,0.02
73,11,0.01
73,14,0.03
73,21,0.02
73,23,0.01
73,56,0.02
73,84,0.01
73,293,0.24
73,72,0.01
73,78,0.04
73,107,0.01
73,109,0.01
73,110,0.02
73,111,0.04
73,112,0.12
73,114,0.03
73,117,0.01
73,121,0.03
73,122,0.04
73,124,0.06
73,125,0.02
73,131,0.04
73,132,0.04
73,175,0.05
73,191,0.04
73,193,0.19
73,199,0.06
74,28,0.01
74,75,0.04
75,68,0.01
75,48,0.07
75,28,0.01
75,74,0.11
75,237,0.33
75,177,0.04
78,6,0.02
78,73,0.01
78,28,0.01
78,51,0.02
78,54,0.04
78,58,0.01
78,102,0.02
78,217,0.03
78,218,0.03
79,9,0.01
79,29,0.07
79,69,0.01
79,90,0.01
79,36,0.2
79,37,0.09
79,243,0.06
79,84,0.01
79,293,0.25
79,211,0.12
79,232,0.2
79,294,0.25
79,295,0.25
79,156,0.03
79,234,0.06
79,238,0.11
79,89,0.1
79,103,0.05
79,107,0.01
79,110,0.05
79,116,0.06
79,117,0.01
79,268,0.14
79,125,0.02
79,192,0.16
79,297,0.5
79,215,0.25
79,216,0.25
79,252,0.11
84,0,0.05
84,5,0.01
84,26,0.01
84,73,0.01
84,29,0.01
84,23,0.03
84,127,0.01
84,79,0.02
84,293,0.24
84,65,0.03
84,211,0.04
84,94,0.04
84,103,0.05
84,105,0.04
84,106,0.1
84,107,0.06
84,109,0.04
84,110,0.08
84,111,0.04
84,112,0.12
84,114,0.11
84,116,0.06
84,117,0.08
84,118,0.08
84,268,0.14
84,119,0.09
84,122,0.09
84,123,0.08
84,124,0.12
84,125,0.06
84,126,0.07
84,130,0.08
84,133,0.13
84,143,0.1
84,144,0.1
84,150,0.06
84,191,0.04
84,201,0.1
84,202,0.1
84,206,0.14
84,276,0.24
84,207,0.1
84,208,0.1
84,209,0.13
84,210,0.13
84,212,0.13
87,68,0.01
87,58,0.03
87,198,0.08
87,199,0.06
89,79,0.01
90,15,0.01
90,34,0.03
90,22,0.03
90,28,0.01
90,224,0.18
90,50,0.01
90,79,0.01
90,40,0.21
90,228,0.08
90,283,0.14
90,52,0.03
90,139,0.4
90,292,0.25
90,266,0.5
90,110,0.02
90,269,0.5
90,301,0.5
90,198,0.07
90,205,0.1
91,6,0.01
93,68,0.03
93,58,0.01
93,233,0.33
93,113,0.04
94,103,0.06
94,107,0.01
94,177,0.04
94,152,0.01
94,213,0.17
95,22,0.07
95,38,0.07
96,164,0.01
96,163,0.17
98,46,0.03
99,19,0.01
99,7,0.06
99,5,0.02
99,26,0.04
99,23,0.01
99,50,0.02
99,105,0.03
99,106,0.11
99,108,0.01
99,111,0.04
99,120,0.11
99,130,0.02
99,152,0.01
99,153,0.09
100,101,0.17
100,102,0.01
101,100,0.1
101,102,0.01
102,19,0.01
102,28,0.04
102,100,0.1
102,51,0.06
102,58,0.02
102,78,0.07
102,156,0.03
102,101,0.16
102,167,0.05
102,217,0.1
102,218,0.1
103,79,0.01
103,94,0.05
103,107,0.01
104,66,0.02
105,99,0.01
105,26,0.01
105,21,0.01
105,23,0.01
105,84,0.01
105,106,0.11
105,107,0.03
105,109,0.01
105,117,0.03
105,123,0.04
105,125,0.02
106,99,0.01
106,105,0.02
107,73,0.01
107,29,0.01
107,23,0.02
107,127,0.01
107,79,0.02
107,84,0.03
107,236,0.07
107,94,0.04
107,103,0.05
107,105,0.07
107,109,0.01
107,110,0.08
107,114,0.07
107,116,0.06
107,117,0.06
107,268,0.14
107,122,0.1
107,123,0.04
107,124,0.06
107,125,0.02
107,126,0.07
107,167,0.05
108,45,0.01
108,5,0.01
108,99,0.01
108,6,0.01
108,21,0.01
108,23,0.01
108,37,0.04
108,109,0.02
108,152,0.02
109,0,0.1
109,8,0.01
109,45,0.02
109,5,0.01
109,55,0.01
109,13,0.01
109,99,0.01
109,67,0.01
109,26,0.01
109,73,0.01
109,17,0.02
109,21,0.01
109,23,0.06
109,84,0.05
109,65,0.02
109,236,0.06
109,105,0.04
109,107,0.02
109,108,0.09
109,111,0.13
109,112,0.12
109,117,0.07
109,118,0.08
109,119,0.09
109,120,0.1
109,121,0.11
109,123,0.1
109,125,0.1
109,128,0.04
109,130,0.08
109,151,0.03
109,131,0.04
109,132,0.04
109,133,0.12
109,134,0.14
109,143,0.1
109,144,0.11
109,150,0.12
109,152,0.01
110,26,0.01
110,90,0.01
110,79,0.02
110,84,0.01
110,107,0.02
110,114,0.11
111,99,0.01
111,26,0.01
111,109,0.01
111,112,0.12
112,111,0.05
113,30,0.01
113,93,0.01
113,186,0.12
114,26,0.01
114,84,0.01
114,107,0.01
114,110,0.08
116,79,0.01
116,107,0.01
116,268,0.07
117,23,0.01
117,79,0.01
117,84,0.02
117,105,0.03
117,107,0.03
117,109,0.01
117,118,0.09
117,268,0.07
117,119,0.1
117,123,0.02
117,125,0.02
118,117,0.01
119,117,0.01
120,99,0.01
121,55,0.01
121,67,0.01
121,109,0.01
122,84,0.01
122,107,0.01
122,124,0.12
123,23,0.01
123,84,0.01
123,105,0.03
123,107,0.01
123,109,0.01
123,117,0.01
123,125,0.09
123,133,0.13
123,134,0.08
124,84,0.01
124,107,0.01
124,122,0.1
125,23,0.01
125,79,0.01
125,84,0.01
125,105,0.01
125,107,0.01
125,109,0.01
125,117,0.01
125,123,0.08
125,133,0.13
125,134,0.08
126,127,0.01
126,71,0.01
126,107,0.01
127,29,0.05
127,226,0.21
127,107,0.01
127,126,0.08
127,253,0.14
128,65,0.01
129,6,0.01
130,0,0.05
130,99,0.02
130,26,0.01
130,23,0.02
130,84,0.04
130,65,0.03
130,66,0.01
130,109,0.03
130,143,0.11
130,144,0.11
130,150,0.06
130,152,0.01
131,13,0.01
131,73,0.01
131,14,0.01
131,21,0.01
131,132,0.05
132,13,0.01
132,73,0.01
132,14,0.01
132,21,0.01
132,131,0.05
133,84,0.01
133,123,0.04
133,125,0.04
133,134,0.08
134,123,0.02
134,125,0.02
134,133,0.07
139,90,0.02
139,301,0.5
139,140,0.5
140,139,0.1
142,58,0.01
142,181,0.2
142,182,0.2
143,84,0.01
143,109,0.01
143,130,0.02
144,0,0.05
144,23,0.01
144,84,0.03
144,65,0.03
144,66,0.01
144,109,0.02
144,130,0.07
144,150,0.06
144,152,0.01
145,34,0.01
145,43,0.03
146,32,0.01
146,35,0.01
147,34,0.01
148,19,0.01
148,44,0.02
148,31,0.06
148,32,0.02
149,156,0.03
149,190,0.33
150,0,0.06
150,130,0.01
150,144,0.01
151,67,0.01
151,26,0.01
151,17,0.02
151,65,0.01
151,71,0.01
151,72,0.06
152,0,0.03
152,99,0.01
152,67,0.01
152,26,0.01
152,6,0.01
152,12,0.01
152,22,0.07
152,49,0.02
152,94,0.04
152,108,0.02
152,130,0.01
152,144,0.01
152,175,0.01
152,191,0.09
152,193,0.2
152,203,0.03
152,204,0.05
153,99,0.01
155,156,0.06
156,28,0.01
156,79,0.01
156,58,0.01
156,64,0.2
156,294,0.25
156,295,0.25
156,102,0.01
156,149,0.06
156,155,0.2
156,167,0.05
156,251,0.09
158,68,0.01
158,229,0.04
159,243,0.02
161,162,0.25
162,161,0.25
163,164,0.01
163,96,0.05
164,68,0.02
164,5,0.01
164,13,0.01
164,25,0.01
164,34,0.01
164,50,0.02
164,96,0.04
164,163,0.16
166,179,0.01
166,57,0.02
167,28,0.01
167,58,0.01
167,156,0.03
167,102,0.01
167,107,0.01
170,171,0.2
170,172,0.2
171,170,0.2
171,172,0.2
172,170,0.2
172,171,0.2
174,249,0.17
175,25,0.01
175,73,0.01
175,21,0.01
175,23,0.01
175,56,0.03
175,57,0.01
175,71,0.01
175,72,0.02
175,152,0.01
175,191,0.04
175,201,0.11
175,202,0.11
175,203,0.03
175,204,0.05
175,282,0.25
177,68,0.01
177,48,0.07
177,75,0.04
177,94,0.04
177,213,0.17
179,8,0.01
179,241,0.01
179,19,0.02
179,69,0.01
179,166,0.03
181,142,0.08
181,182,0.2
182,142,0.08
182,181,0.2
183,48,0.07
183,225,0.25
186,113,0.05
187,9,0.05
187,7,0.01
187,67,0.01
187,188,0.06
188,41,0.01
188,9,0.05
188,187,0.05
190,149,0.06
191,22,0.04
191,152,0.02
191,175,0.01
191,201,0.11
191,202,0.11
192,79,0.01
192,37,0.05
192,286,0.5
193,152,0.01
194,289,0.25
195,196,0.08
196,195,0.2
196,197,0.33
197,196,0.15
198,90,0.01
198,87,0.03
198,199,0.12
199,87,0.03
199,198,0.15
200,49,0.02
201,175,0.01
201,191,0.04
201,202,0.11
202,175,0.01
202,191,0.04
202,201,0.11
203,18,0.01
203,23,0.01
203,152,0.01
203,175,0.01
203,204,0.14
204,18,0.01
204,23,0.01
204,152,0.02
204,175,0.02
204,203,0.18
205,30,0.01
205,90,0.01
206,84,0.01
206,211,0.02
206,276,0.25
206,209,0.07
206,210,0.07
206,212,0.07
207,208,0.22
208,207,0.22
209,84,0.01
209,211,0.02
209,206,0.05
209,210,0.07
209,212,0.07
210,84,0.01
210,211,0.02
210,206,0.05
210,209,0.07
210,212,0.07
211,79,0.04
211,84,0.01
211,232,0.2
211,206,0.05
211,209,0.07
211,210,0.07
211,212,0.07
211,252,0.11
212,84,0.01
212,211,0.02
212,206,0.05
212,209,0.07
212,210,0.07
213,94,0.05
213,177,0.04
215,79,0.01
215,216,0.25
216,79,0.01
216,215,0.25
217,28,0.01
217,51,0.02
217,58,0.01
217,78,0.02
217,102,0.02
217,218,0.03
218,28,0.01
218,51,0.02
218,58,0.01
218,78,0.02
218,102,0.02
218,217,0.03
220,0,0.03
220,1,0.11
220,2,0.04
220,3,0.09
220,4,0.08
220,44,0.18
220,31,0.01
220,10,0.01
220,11,0.06
220,12,0.1
220,14,0.07
220,16,0.03
220,17,0.07
220,18,0.06
220,34,0.11
220,30,0.02
220,20,0.09
220,48,0.07
220,22,0.24
220,24,0.01
220,27,0.1
220,28,0.01
220,33,0.21
220,35,0.1
220,63,0.04
220,36,0.07
220,37,0.1
220,38,0.2
220,39,0.2
220,42,0.08
220,43,0.32
220,46,0.21
220,47,0.37
220,49,0.16
220,100,0.17
220,51,0.04
220,52,0.02
220,53,0.02
220,54,0.1
220,56,0.09
220,57,0.09
220,58,0.09
220,59,0.37
220,60,0.2
220,61,0.3
220,62,0.2
220,64,0.27
220,65,0.06
220,66,0.08
220,71,0.03
220,72,0.01
220,74,0.2
220,75,0.04
220,159,0.12
220,76,0.07
220,77,0.2
220,80,0.2
220,81,0.01
220,156,0.01
220,82,0.37
220,83,0.01
220,85,0.37
220,86,0.37
220,87,0.1
220,88,0.37
220,89,0.17
220,91,0.03
220,113,0.14
220,94,0.05
220,95,0.2
220,96,0.28
220,97,0.2
220,98,0.27
220,101,0.2
220,102,0.05
220,105,0.02
220,115,0.12
220,122,0.02
220,123,0.03
220,125,0.02
220,126,0.02
220,146,0.07
220,128,0.03
220,129,0.05
220,131,0.02
220,132,0.02
220,134,0.1
220,147,0.24
220,135,0.2
220,136,0.37
220,180,0.37
220,192,0.03
220,137,0.2
220,138,0.37
220,140,0.37
220,141,0.37
220,142,0.25
220,145,0.29
220,149,0.28
220,150,0.06
220,152,0.08
220,153,0.05
220,154,0.2
220,155,0.17
220,157,0.37
220,160,0.37
220,161,0.12
220,162,0.12
220,163,0.2
220,165,0.37
220,167,0.08
220,168,0.37
220,169,0.37
220,170,0.27
220,171,0.27
220,172,0.27
220,173,0.37
220,175,0.01
220,176,0.32
220,178,0.37
220,181,0.27
220,182,0.27
220,183,0.12
220,184,0.37
220,185,0.37
220,186,0.24
220,189,0.37
220,190,0.2
220,191,0.09
220,193,0.07
220,194,0.75
220,195,0.27
220,196,0.33
220,198,0.1
220,197,0.2
220,199,0.06
220,200,0.2
220,206,0.01
220,213,0.03
220,214,0.27
220,215,0.12
220,216,0.12
220,217,0.01
220,218,0.01
220,219,0.37
221,0,0.03
221,49,0.02
221,252,0.11
223,29,0.02
224,34,0.01
224,28,0.02
224,90,0.02
225,183,0.12
226,29,0.06
226,127,0.16
226,253,0.14
228,68,0.01
228,90,0.02
228,32,0.08
228,283,0.4
229,241,0.02
229,68,0.02
229,19,0.01
229,69,0.01
229,32,0.03
229,158,0.1
229,246,0.04
229,53,0.04
230,30,0.03
231,25,0.01
232,79,0.04
232,211,0.09
233,93,0.01
234,41,0.01
234,29,0.01
234,79,0.01
234,235,0.14
235,41,0.01
235,234,0.12
236,107,0.01
237,75,0.04
238,68,0.01
238,79,0.01
240,68,0.01
240,71,0.01
241,8,0.05
241,68,0.03
241,19,0.01
241,69,0.08
241,179,0.03
241,229,0.11
243,8,0.02
243,4,0.01
243,79,0.04
243,246,0.04
243,58,0.01
243,159,0.25
243,244,0.25
243,281,0.5
244,243,0.02
246,68,0.01
246,32,0.02
246,243,0.02
246,229,0.01
249,174,0.06
251,28,0.01
251,58,0.01
251,156,0.03
252,79,0.01
252,211,0.02
252,221,0.06
253,226,0.02
253,127,0.01
254,255,0.25
255,254,0.17
257,68,0.01
257,45,0.01
257,7,0.01
257,13,0.01
257,67,0.01
257,21,0.01
258,63,0.01
259,260,0.33
260,259,0.2
261,41,0.01
261,262,0.33
262,261,0.14
263,38,0.02
264,265,0.33
264,267,0.5
265,264,0.11
266,90,0.01
267,264,0.11
268,29,0.01
268,79,0.02
268,84,0.01
268,107,0.01
268,116,0.07
268,117,0.01
269,90,0.01
275,69,0.01
276,206,0.05
277,69,0.02
278,8,0.01
281,243,0.02
282,175,0.01
283,68,0.01
283,90,0.03
283,32,0.06
283,228,0.37
284,29,0.22
286,192,0.17
287,288,0.5
288,287,0.33
289,194,0.03
290,7,0.01
292,90,0.01
293,79,0.01
294,79,0.01
294,295,0.25
294,156,0.03
295,79,0.01
295,294,0.25
295,156,0.03
297,79,0.01
298,69,0.01
300,69,0.01
301,90,0.01
301,139,0.2
